HASH, NAME
5fc98f37960aba3111930cbe,Pollen Data (Iceland)
5fc98f5e960aba3111930cc0,Paleoclimate Iceland
5f41cae4b2e723864080818b,Icelandic Excavation Data - Key finds and archaeological data by stratigraphic units
5f41cae4b2e7238640808188,Icelandic Excavation Data - Finds from each group of stratigraphic units
5f41cae4b2e723864080817f,Icelandic Sagas Database
5f41cae4b2e7238640808183,Northwest Icelandic Cairns
5f41cae4b2e7238640808182,Icelandic Farm Histories Database
5f41cae4b2e723864080818a,Icelandic Excavation Data - Unit Descriptions
5f41cae4b2e7238640808187,Environmental Threats to Icelandic Archaeological Sites
5f41cae4b2e723864080817c,Strategic Environmental Archaeology Database (SEAD)
5f41cae4b2e7238640808180,Tephrabase
5f41cae4b2e7238640808184,Zooarchaeological Data from NABO Excavations (NABONOSEAD)
